{"x_min": 153, "x_max": 157, "y_min": 90, "y_max": 95, "width": 1280, "height": 1536, "lon_min": 35.15625, "lon_max": 42.1875, "lat_max": 47.04018214480666, "lat_min": 40.97989806962013, "max_ele": 4000.0}